1,Computer proficiency
2,Leadership experience
3,Communication skills
4,Organizational know-how
5,People skills
6,Collaboration talent
7,Problem-solving abilities
8,Design principles
9,Brand development
10,Storytelling
11,Attention to detail
12,Collaboration with clients
13,Project management
14,Commitment to deadlines
15,Time management
16,Verbal and presentation skills
17,color theory
18,typography
19,Troubleshooting and testing skills
20,Operating systems
21,Database software
22,UX and UI design
23,Web frameworks
24,API design
25,Teamwork
26,Python
27,Java
28,UNIX
29,DevOps
30,Cloud Computing
31,GCP
32,AWS
33,Azure
34,Teradata
35,MySQL
36,SQL
37,Content creation
38,Market research
39,Web analytics
40,SEO and SEM
41,Critical thinking
42,Content management systems
43,"Social media (strategy, campaigns, etc.)"
44,Creativity
45,Business acumen
46,Data mining
47,Client relations
48,Strategic thinking
49,Collaboration
50,Problem solving
51,Data entry
52,"Attentive listening, empathy"
53,Troubleshooting and research
54,Patience
55,Speed and efficiency
56,Positive attitude
57,Diplomacy
58,Analytical and problem solving
59,Microsoft Excel
60,Enterprise resource planning software
61,Business and leadership
62,Verbal and writing skills
63,Data analytics
64,Revenue recognition
65,Risk and compliance
66,Generally accepted accounting principles (GAAP)
67,C#
68,C++
69,HTML
70,JavaScript
71,Perl
72,PHP
73,CSS
74,SQL Server
75,No SQL
76,Apache Hadoop
77,Hive
78,Docker
79,Kubernetes
80,Terraform
81,Ansible
82,Bamboo
83,BitBucket
84,Jira
85,Confluence
86,Hibernate
87,Control M
88,ESP
89,Autosys
