emailid,companyflag,password
admin@ibm.com,1,lacmonqo
admin@tcs.com,1,jsmsqcjs
admin@accenture.com,1,upltgouf
admin@goarmy.com,1,arxnjkdv
admin@ey.com,1,xqcdvgxm
admin@hpe.com,1,hvmgwsch
admin@cognizant.com,1,nazgjmyp
admin@walmartcareers.com,1,ecqfjtri
admin@microsoft.com,1,ukjjnfyg
admin@att.com,1,ofhfyzjc
admin@airforce.com,1,iqpcpzgu
admin@pwc.com,1,aietyshf
admin@wellsfargo.com,1,bwcfkbrb
admin@infosys.com,1,noptxhcg
admin@deloitte.com,1,awseyxsn
admin@citigroup.com,1,zjrscpte
admin@bankofamerica.com,1,mkzfbpwc
admin@jpmorganchase.com,1,qzxtgnxh
admin@navy.com,1,rwzcgvuj
admin@amazon.com,1,uutbyfxn
admin@apple.com,1,lmpdnhii
admin@siemens.com,1,fopuuffy
admin@oracle.com,1,bjuwqznc
admin@nokia.com,1,uwmoechf
admin@education.gouv.fr,1,ddkofuke
admin@capgemini.com,1,pzrkwuoh
admin@wipro.com,1,qrbdkzlm
admin@hsbc.com,1,occaicab
admin@google.com,1,kvznnehn
admin@usps.com,1,wfijtzzt
admin@aboutmcdonalds.com,1,suzgpkbc
admin@ericsson.com,1,ggswsnsu
admin@boeing.com,1,gylemhcr
admin@vodafone.com,1,llhsdkah
admin@kaiserpermanente.org,1,hsxvoiqh
admin@ford.com,1,apsfoami
admin@intel.com,1,mxycrwtn
admin@va.gov,1,mncqvape
admin@cisco.com,1,gchjpjme
admin@gm.com,1,bjkjicmm
admin@pepsico.com,1,ydbmdnex
admin@target.com,1,bkmwblta
admin@shell.com,1,xoaapqzb
admin@hcltech.com,1,nvegdvqq
admin@ups.com,1,yhcakyvm
admin@pfizer.com,1,qimjdyus
admin@unilever.com,1,bgcapstw
admin@nestle.com,1,ufhumuxz
admin@unitedhealthgroup.com,1,oivrenqj
admin@huawei.com,1,zkldtwhw
admin@dell.com,1,jkzcqell
admin@gsk.com,1,iurptaiz
admin@honeywell.com,1,jorilvvo
admin@slb.com,1,gdjvhauj
admin@lockheedmartin.com,1,zwohqnzw
admin@ trisco nusantara",1,dcxywtkl
admin@abb.com,1,ixjvzahs
admin@starbucks.com,1,tqiyfszm
admin@morganstanley.com,1,pucpusql
admin@homedepot.com,1,kudihvcb
admin@novartis.com,1,sxflghdy
admin@jnj.com,1,fzksfyyp
admin@bp.com,1,jgbyhruw
admin@schneider-electric.com,1,pgozohps
admin@statefarm.com,1,ogzvziaq
admin@dhl.com,1,iiesafoq
admin@td.com,1,mtxbdcpa
admin@ge.com,1,tudkocmk
admin@philips.com,1,kzatqgyr
admin@ubs.com,1,hwprzeud
admin@pg.com,1,pjwjwmbn
admin@walgreens.com,1,wkrbjfkz
admin@ inc.",1,okebgxra
admin@ inc.",1,rqgnliqf
admin@marines.com,1,uewcobvd
admin@dellemc.com,1,fascmzcj
admin@techmahindra.com,1,hmioxlka
admin@verizonwireless.com,1,ynpgsiyl
admin@sanofi.com,1,yutaldqm
admin@bnpparibas.com,1,opddefsu
admin@db.com,1,faxwyspn
admin@tencent.com,1,tvxldckm
admin@jpmorgan.com,1,osjyrcof
admin@verizon.com,1,bfnvqqxe
admin@loreal.com,1,jccdvkgh
admin@kpmg.com,1,dbfwieae
admin@orange.com,1,xqtourqk
admin@linkedin.com,1,ogerbfur
admin@barclays.com,1,jpimgtjr
admin@facebook.com,1,xgeleexk
admin@northropgrumman.com,1,cxffusea
admin@fcagroup.com,1,imeaxopq
admin@adp.com,1,cecpprbn
admin@medtronic.com,1,fnevzfmq
admin@abbott.com,1,bysrqbes
admin@chevron.com,1,nfyyvxde
admin@roche.com,1,ryiggvlj
admin@americanexpress.com,1,agrcjgjm
admin@samsung.com,1,zaeovier
marianna.daniel@ezybarber.com,0,ksptbpbm
dach.antonietta@mailpluss.com,0,lswnwiqj
steuber.albin@schule-breklum.de,0,dnmaslkv
dwight.hermisto@cardkurd.com,0,ffgwwvjs
kessler.verda@ffo.kr,0,dwkwvyye
jlehner@jagomail.com,0,ofiqygqg
brown.simeon@cardkurd.com,0,vazazddb
zpouros@freeallapp.com,0,hxwtzcln
clay20@recordar.site,0,fzoepusv
wconsidine@esenlee.com,0,kbqfgjvw
ihintz@recordar.site,0,mvjmzdeg
fisher.sharon@rmune.com,0,oxjiseld
geovanni.volkma@ladz.site,0,fmfeqwup
abbey.keebler@816qs.com,0,wpjopgvm
klebsack@cloudscredit.com,0,fatwyfwd
kenyon63@drstshop.com,0,hdemeafs
showe@rmune.com,0,vazzbtjn
ppfannerstill@recordar.site,0,lbgrrrww
zschneider@zaya.ga,0,ecfubmcu
diana.breitenbe@schule-breklum.de,0,kexulmds
jacobson.vince@debb.me,0,dwdrnqgw
carroll.gunnar@buntatukapro.com,0,nsramdri
molly.spinka@kimachina.com,0,ysbpbcqm
llewellyn21@rheiop.com,0,bejdtmoj
elijah53@txtee.site,0,larotrke
phegmann@snapboosting.com,0,pchlsrtd
ncollins@drstshop.com,0,jeudghbu
velva77@buntatukapro.com,0,fwyasvlw
alia52@asifboot.com,0,ixzdvkjt
mrolfson@isueir.com,0,lktxkuaj
wolson@kimachina.com,0,nckveyhv
hirthe.stanford@gmailvn.xyz,0,iwacofsm
sigrid.bogan@osmye.com,0,lrvcolyg
jessika28@nkgursr.com,0,jpjitjeg
hobart.schulist@ilrlb.com,0,nvgolfpb
gdare@suttal.com,0,wtsndidt
cassin.camren@fernet89.com,0,boocbpsk
royce.baumbach@gmailwe.com,0,ddlbqdlm
chelsey.prohask@cloudscredit.com,0,kqfsvfya
norval51@greendike.com,0,bhursoxa
abbey67@snapboosting.com,0,uaptdhkp
jaiden73@ciatico.site,0,hlgftqrr
dickens.ignatiu@cheapnitros.com,0,lhnrprup
mayer.ocie@boranora.com,0,wrplqptt
nbecker@kumpulanmedia.com,0,svivvycl
ike.herman@piftir.com,0,ehbolywv
imarvin@ezybarber.com,0,gdyvktsl
aflatley@recordar.site,0,debomfad
rudolph.okon@hearourvoicetee.com,0,ktknsrsu
marty.purdy@mercantravellers.com,0,gzkylcjx
ursula08@vireonidae.com,0,ebgyepnw
nsatterfield@eluvit.com,0,ppltargq
morar.paige@omdlism.com,0,hosmybih
kling.delphine@victorysvg.com,0,xdukcwek
wintheiser.math@plexvenet.com,0,ymvlejhr
wyman.roma@tchoeo.com,0,qgaxuiuu
hipolito.rice@tchoeo.com,0,aicslqez
kenyatta42@greendike.com,0,zwcnyjpv
kub.vernon@sewce.com,0,bubdpeae
tframi@eetieg.com,0,lritwhqa
kessler.nolan@btcmod.com,0,dplamomh
damore.filibert@hotmail.red,0,krnjwfpl
zlehner@v-mail.xyz,0,taptlean
greg.purdy@mphaotu.com,0,xvchnjtn
loyal.stracke@sanalgos.site,0,cmnoehuc
aubree.carroll@sanalgos.site,0,eqvvgjpt
stephany09@emvil.com,0,xzuqmmij
christiansen.je@ifrghee.com,0,ywdkitwv
champlin.rashaw@tunrahn.com,0,khtaawoz
dgleason@ifrghee.com,0,abzfpfez
jacynthe.rolfso@isueir.com,0,dewkflao
cordell77@ladz.site,0,ygqrkvxh
andrew.kuvalis@cloudscredit.com,0,sujfzhqk
amara76@greendike.com,0,tgweegif
kertzmann.mateo@ciatico.site,0,zwrrncpt
switting@oygkt.com,0,fgvbvpsu
callie.okuneva@hotmail.red,0,dlmqqkwq
schneider.emera@rheiop.com,0,fkypncyr
mwaters@rheiop.com,0,hfmgjjli
krajcik.jerry@ecallen.com,0,zcvlubls
yjacobson@cloudscredit.com,0,nvfmohwx
alana.haag@mexcool.com,0,eftmdukl
kelton53@kumpulanmedia.com,0,yywyjews
stephon.goldner@snapboosting.com,0,dzuoivzu
jschneider@gmailvn.xyz,0,udxztycf
julio.rogahn@sanalgos.site,0,ndvziljx
arlo.mann@sanalgos.site,0,bwxpvlpl
kparker@sewce.com,0,kirebhei
pearlie.koelpin@mexcool.com,0,knylgiwr
virginia.cronin@taatfrih.com,0,tjgautrj
efren.fritsch@yt-google.com,0,jzsfhvin
angelina42@cheapnitros.com,0,proqwqso
dallas.schaden@ffo.kr,0,zyomyrhd
dorris42@v-mail.xyz,0,yfcnewww
lesch.isobel@victorysvg.com,0,bfqouacz
declan.mueller@bai47.com,0,wkljhpig
dhauck@gmailvn.net,0,ycoxbgde
mtreutel@victorysvg.com,0,rtpyczfi
teresa.beier@kumpulanmedia.com,0,btfpfucu
wyman.linnea@tnooldhl.com,0,mvphkfxr
kcollier@recordar.site,0,gcslhykj
earnest.willms@tunrahn.com,0,qmaftuam
alden.gottlieb@buntatukapro.com,0,qnivobqn
llebsack@eluvit.com,0,qoxkdixr
roosevelt.strei@systechmail.com,0,vmpwyziz
johnny63@hdtniudn.com,0,awwelhjn
xmedhurst@suttal.com,0,rtogmumf
kasandra98@tnooldhl.com,0,rlwpappe
yfeest@esenlee.com,0,nunujtxr
hessel.deven@bookue.site,0,nalgvmzb
yessenia.littel@systechmail.com,0,cvtznpva
judy.huel@emvil.com,0,wvjqpfnn
vaughn.bartolet@victorysvg.com,0,mwdxvfff
hruecker@gmailvn.xyz,0,whaulbch
garrick58@cloudscredit.com,0,xfzwlecf
yoconnell@eiibps.com,0,sxndwkfo
brosenbaum@pdfrl.site,0,jvgukdav
hmohr@tnooldhl.com,0,scacdujp
margret.koss@hotmail.red,0,dcxyygnz
weber.jeramy@hotmail.red,0,uktubgtb
trevion.hyatt@hungta2.com,0,npndwsgn
tyra59@boranora.com,0,hrnytzxb
judge66@ilrlb.com,0,ubzkwaqk
rice.brennon@debb.me,0,fcfxxnjs
vidal.brown@esenlee.com,0,fmnuxyrz
cgreenfelder@azwev.site,0,lioaqewp
pbosco@isueir.com,0,tunyybyt
hbarton@tchoeo.com,0,gyanzrck
zstark@kumpulanmedia.com,0,cvpawjzt
daren.wyman@eiibps.com,0,fcawrrcm
marcellus28@ladz.site,0,epkskwuv
soledad92@hotmail.red,0,ngfhzpfa
demario62@hanzganteng.tk,0,rceznenz
nolan.muller@eiibps.com,0,azftxkkf
cdooley@esenlee.com,0,hbdeklep
erich67@isueir.com,0,hsofgwmy
meta.rice@buntatukapro.com,0,oxutfhgu
reyes.walter@icenhl.com,0,cxxysikk
desmond81@greendike.com,0,cttapwmi
nora.watsica@sewce.com,0,tdagiaax
heller.mossie@bai47.com,0,gskoaium
wreynolds@esenlee.com,0,euypzxfe
lew.smith@nonise.com,0,opmherag
bernie96@icenhl.com,0,oxswhyck
francisca30@buntatukapro.com,0,btznvbsx
gerhold.kaden@greendike.com,0,xcbialxh
phoebe99@sewce.com,0,acmfosox
susan.leffler@greendike.com,0,dbnomxqk
frieda.brakus@ladz.site,0,wtzhtyoo
reynolds.rosali@omdlism.com,0,syqfvhjc
beatty.darrell@pdfrl.site,0,vzmelsmp
zemlak.rudolph@wpdork.com,0,iwwhnrpi
sleffler@mitakian.com,0,rvfwcial
bernadette92@cloudscredit.com,0,uwbkznnz
welch.alvina@nbobd.com,0,xbylwnva
ostreich@crpotu.com,0,ihnqotab
audie.carter@piftir.com,0,kgvmijou
rafaela.braun@nbobd.com,0,mwrxtdce
mayert.wiley@pdfrl.site,0,czphtilw
danika.heidenre@ulummky.com,0,ifkmqqbe
cpouros@debb.me,0,tcychbif
robyn.white@wpdork.com,0,mvbdfeqe
gislason.yasmin@zipeo.site,0,cslxmbgp
reilly.antonina@piftir.com,0,hwltncya
qrodriguez@fixthisrecipe.com,0,fftbvjba
abner38@ecallen.com,0,vprkquvk
gardner19@24hinbox.com,0,pltbtqna
grant.laurel@eetieg.com,0,cqdvmrtk
jermain.stanton@tchoeo.com,0,ntvjpyzb
terry.dare@cloudscredit.com,0,rzcjavay
lokuneva@hungta2.com,0,viatfawl
gmckenzie@eetieg.com,0,jkjqfsmu
wava12@antawii.com,0,qtzhxmzm
maida.pacocha@gmailvn.net,0,kxhmtcqb
makenna.labadie@golviagens.com,0,nzbsndyd
ytoy@eetieg.com,0,idffpxme
mokon@boranora.com,0,nxegkmyk
annette.carter@jagomail.com,0,ksepjxcu
wisoky.elroy@ladz.site,0,eyytdazl
lynn03@tchoeo.com,0,bcpcpnas
gorczany.ulises@24mail.top,0,avwmtwid
durgan.ardella@24mail.top,0,dgryfbgj
walter.elenora@bedulsenpai.net,0,vcznvwjm
riley.heaney@ilrlb.com,0,pyjvkfjq
collier.filomen@rheiop.com,0,kwoazqpl
maia.kuhic@yt-google.com,0,mkbzugku
miller.kenyon@rheiop.com,0,kjqcwfry
elisha.miller@eluvit.com,0,qlkoxfgl
emmerich.queen@omdlism.com,0,tsgpopfu
wiegand.eva@antawii.com,0,qfzgtpup
brook.erdman@hotmail.red,0,wvvbunxx
thodkiewicz@cloudscredit.com,0,fgasnjsi
randal.kuhlman@kenvanharen.com,0,mqzzjedc
okuneva.guy@rheiop.com,0,ynfpgavf
konopelski.gerd@hcfmgsrp.com,0,qdjeleqj
vupton@zaya.ga,0,rgswpvfe
grady09@gmailvn.xyz,0,ojyuntym
hansen.tristin@gmailwe.com,0,oolsxhlh
gutkowski.jauni@victorysvg.com,0,vljxkzen
garrick.hirthe@wpadye.com,0,esqrmmgh
simonis.margret@cloudscredit.com,0,mntnmmzn
grayce98@mercantravellers.com,0,knjlnryg
sauer.brittany@antawii.com,0,axnpcdwv
weissnat.amiya@luddo.me,0,gatgzaxq
lawson.koelpin@gmailvn.net,0,bkmsjivf
hayes.sadye@zaya.ga,0,mpqxezid
richmond14@nbobd.com,0,vpdzpwas
alejandra.jakub@ffo.kr,0,ughnbfad
aubrey.howe@colevillecapital.com,0,tjumkzzl
ebuckridge@colevillecapital.com,0,svaqodzo
itromp@ladz.site,0,xwrpobqf
dhilll@emvil.com,0,ufdkdemu
jameson84@ecallen.com,0,ilmossmh
wgorczany@ciatico.site,0,jmygpizj
heaven03@ichstet.com,0,zudklfux
goodwin.vicenta@schule-breklum.de,0,lvnbedxc
anibal21@ilrlb.com,0,lluymhkh
mcglynn.vergie@ichstet.com,0,qpbxvzow
gleichner.uriah@mailpluss.com,0,myxuhswh
von.ralph@boranora.com,0,nyrhubqa
huels.justyn@esenlee.com,0,nubqetqe
hoppe.jolie@ffo.kr,0,patxntjw
mpagac@cloudscredit.com,0,fpyhwppp
lwuckert@esenlee.com,0,ozdsazre
zackary.bergstr@btcmod.com,0,kantxkzl
antonette.cummi@ifrghee.com,0,naohcnlk
douglas54@24hinbox.com,0,uksurzpu
allene.pfeffer@24hinbox.com,0,wdvxpycr
cassin.kendra@kimachina.com,0,vflshsqt
ankunding.jordo@esenlee.com,0,enptbita
frederick.johns@wpadye.com,0,eatklelj
kris.antwan@jagomail.com,0,vfudtwxi
freida69@eetieg.com,0,tnbkfpqt
horace.volkman@rheiop.com,0,cobexibr
lueilwitz.desta@hotmail.red,0,vansdnls
dewitt.cronin@gmailvn.net,0,tzoriyjw
bbecker@eetieg.com,0,ukvzcfze
qlabadie@hanzganteng.tk,0,snzmhqei
lubowitz.cassid@ilrlb.com,0,qipfknmi
hpfannerstill@24hinbox.com,0,jqfyxpxo
bmante@omdiaco.com,0,qsscxees
dsanford@ffgrn.com,0,vxwggsmn
zcollier@hotmail.red,0,tmmrkjlk
ernestine.scham@kimachina.com,0,qztgzmtk
hermiston.emile@colevillecapital.com,0,xhbzercj
trantow.janet@omdlism.com,0,dibwuasa
howell.jaron@hanzganteng.tk,0,atsjohgw
hansen.rachael@eatneha.com,0,hnhgaewk
marcos14@rheiop.com,0,nefbkdcc
scotty70@mercantravellers.com,0,ajislpdu
summer.wehner@kimachina.com,0,dsaqrnyo
welch.urban@gmailvn.net,0,vzmkyekh
vesta.bogan@ifrghee.com,0,rqwgjguk
mafalda41@kimsangung.com,0,hoxshxhr
owalter@drstshop.com,0,okzcmtfc
cbarrows@ifrghee.com,0,socqzrve
block.rocio@gmailvn.net,0,fclruwtj
dryan@ciatico.site,0,qvomgdho
lera52@eluvit.com,0,bqvklkca
dkutch@tnooldhl.com,0,rdmudfaq
dickinson.briel@eetieg.com,0,eswifeqr
lhyatt@kimsangung.com,0,ahvnmceu
mona.cronin@cardkurd.com,0,szuflgwb
vchamplin@24hinbox.com,0,stisycxx
dgoyette@hcfmgsrp.com,0,cosuyciz
easton24@golviagens.com,0,vgsgsxzb
garrison.jerde@ffo.kr,0,epntrfil
dylan61@omdlism.com,0,ryvzuids
wkerluke@esenlee.com,0,qnhffjli
yondricka@lompikachi.com,0,hzkxxlhg
rita.parisian@nugastore.com,0,tgltixrk
itzel.goldner@hotmail.red,0,xeqjyikn
grady.wanda@bedulsenpai.net,0,omiighej
emelia.runolfsd@nugastore.com,0,hhjbjjpj
vlebsack@jagomail.com,0,jgucfgts
margot88@ifrghee.com,0,tctapzwl
altenwerth.fred@omdlism.com,0,ltrihulr
fblock@wpadye.com,0,nhmaguyl
knikolaus@hotmail.red,0,grusfxur
vokeefe@cloudscredit.com,0,xerrtglw
oprohaska@eatneha.com,0,qjmwkhzt
jade55@eatneha.com,0,mgrqufzi
edaugherty@jagomail.com,0,wdnzfujy
mshields@rheiop.com,0,tgkkknwe
karelle27@gmailpro.gq,0,bfktsryr
maggie.daughert@beinger.me,0,qjfjaxpm
odavis@santonicrotone.it,0,tlpjiobn
barton.alphonso@gmailvn.net,0,xomwdomq
nat.bailey@eluvit.com,0,xwtiougu
pfannerstill.ev@hanzganteng.tk,0,yzbklrwi
kstreich@rheiop.com,0,zgibzhbj
ledner.nicholas@nugastore.com,0,fzdqzpoa
llewellyn13@rheiop.com,0,siivfsiu
franecki.itzel@recordar.site,0,gyjyimco
alexis.mayert@oreple.com,0,efyliemn
tjerde@crpotu.com,0,rcgvicbf
nat.bednar@sharyndoll.com,0,rsntjmtk
pleffler@isueir.com,0,ubkmbita
ortiz.hulda@schule-breklum.de,0,ssjrkpsj
ashtyn18@gltrrf.com,0,tlcnbrjb
djenkins@nalsci.com,0,tublqwfn
nikolaus.bart@email-temp.com,0,ooylveet
crolfson@hotmail.red,0,vdeimvak
cgislason@omdiaco.com,0,ttvsovaq
lyla99@crpotu.com,0,cbeseemr
sauer.summer@jagomail.com,0,nwgiiwze
eldon.barton@hasevo.com,0,rkpqdreh
adams.kylie@luddo.me,0,tevqkdzi
bethel07@nugastore.com,0,dwkbvttm
letha79@kimachina.com,0,xyuqfjop
dandre11@nalsci.com,0,crwpwhas
craig.volkman@nugastore.com,0,pfewflip
kunde.walton@crpotu.com,0,qrmmmrep
lang.iliana@hanzganteng.tk,0,kacnsmmc
jewell.schmidt@eetieg.com,0,zepwkjkq
aubrey.rowe@mexcool.com,0,zconklmh
alexie.cormier@24mail.top,0,unrgrgtz
nstiedemann@hasevo.com,0,qvltdzzz
gleichner.donav@rheiop.com,0,xwehintw
wilderman.thora@rtfie.site,0,nmffwroc
swilderman@sharyndoll.com,0,lrtchbbd
durgan.austin@eluvit.com,0,lhurcpph
carlo49@pharmafactsforum.com,0,zafsqerh
harris.luciano@esenlee.com,0,rbesxxhj
izaiah58@isueir.com,0,blhxioha
anais66@yt-google.com,0,pvzsawla
hilll.kitty@dluerei.com,0,yqhfbyts
nschiller@cheapnitros.com,0,qwwfhuds
dariana10@onlinecmail.com,0,xjjmmllu
brain.nitzsche@uioct.com,0,icwdpvzr
vprosacco@schule-breklum.de,0,cavmuskw
vhessel@eiibps.com,0,nhomhluo
ismael94@uhpanel.com,0,ymfhoubq
ankunding.chels@uhpanel.com,0,rqtdzwps
skiles.mayra@eiibps.com,0,cnhjwmit
hintz.kevon@hotmail.red,0,lkoydkkr
arlo.willms@paiucil.com,0,vxcvfbvv
cody.ferry@cloudscredit.com,0,vvftfdpl
piper.ernser@pickuplanet.com,0,pylheuvc
leannon.winfiel@uioct.com,0,fvaauigp
homenick.ford@rheiop.com,0,pnbwrxsn
oullrich@onlinecmail.com,0,vjvcgeud
carole.bergstro@drstshop.com,0,fidjmvmt
maurine02@eiibps.com,0,hmsbgiei
jo.watsica@ffo.kr,0,uhwynnqt
xjaskolski@hotmail.red,0,xqhfxpce
considine.hudso@budgermile.rest,0,lpljiiej
demetrius.funk@btcmod.com,0,fbzvjeri
loren.shanahan@dluerei.com,0,lbvwfgie
wschuster@kimachina.com,0,psoprggt
weimann.otha@packiu.com,0,lwdifugy
fweber@uioct.com,0,rrvuugrm
madalyn.becker@dluerei.com,0,oepidohf
marvin52@btcmod.com,0,aanzdkbi
jaron89@ffo.kr,0,xyvepwlu
hlangosh@rheiop.com,0,dvffzbki
luettgen.domini@paiucil.com,0,jehesfex
dbailey@bedulsenpai.net,0,nyvhiyjv
myrtie19@schule-breklum.de,0,nrmctobo
bauch.billy@colevillecapital.com,0,fhnffklt
ublock@emvil.com,0,zwkfgmbu
alek.borer@eiibps.com,0,uhiwmpuk
ludwig48@schule-breklum.de,0,hdweqijw
ynolan@mailpluss.com,0,gtypvtsk
nicolette60@isueir.com,0,kzryeupe
casper.kutch@24hinbox.com,0,rkqwxwrm
bauch.travon@isueir.com,0,aitojbav
missouri.torphy@uioct.com,0,zgfwlevs
orval35@yt-google.com,0,tscnzjsl
bbrekke@hanzganteng.tk,0,wabxlpmv
giles.conroy@sharyndoll.com,0,czuqwkyw
hortense78@snapboosting.com,0,vfbeiswv
marks.alize@wpdork.com,0,ljpgetdz
qhaag@gmailpro.gq,0,wyukjtdf
amya29@boranora.com,0,gkuovyda
rippin.izabella@onlinecmail.com,0,xdppicwl
darrick.hoppe@optmails.xyz,0,dlbvubqb
oral.wiza@816qs.com,0,gsdfnxwo
tremayne61@ffo.kr,0,ztomayyw
yupton@pickuplanet.com,0,zsizhawx
adrien34@gmailwe.com,0,xkdfwzad
giovanny.rogahn@hotmail.red,0,yxhdtxqc
meaghan46@beinger.me,0,czwnttzp
lucienne25@sharyndoll.com,0,ptawzwpw
colten76@gmailpro.gq,0,ezxjgqrq
kerluke.ida@beinger.me,0,zbfsbycx
upton.mark@eatneha.com,0,kegfnlqk
powlowski.beula@drstshop.com,0,iaddmhov
sallie93@pickuplanet.com,0,ppajijzk
tturner@pickuplanet.com,0,gcebtpny
jaycee.vonruede@sharyndoll.com,0,wjdksgni
pboyle@eiibps.com,0,eazrklde
dietrich.lucas@gmailpro.gq,0,jvnllzkx
adrienne.bartol@devfiltr.com,0,kdalsfxj
oran21@ilrlb.com,0,lmetatze
aledner@onlinecmail.com,0,pfwqqkkx
schneider.winst@colevillecapital.com,0,spbandvy
dolly18@sharyndoll.com,0,nwzladel
yhodkiewicz@gmailwe.com,0,fkdidilh
araynor@colevillecapital.com,0,hioplyeb
amayer@villastream.xyz,0,osftywsr
carolina79@azwes.site,0,eqxvpegm
olowe@isueir.com,0,nzvtiaho
dewayne.hayes@onlinecmail.com,0,xaydmdqf
justina.witting@sauhasc.com,0,qzsfgtfd
sylvan41@eatneha.com,0,cyajgbtp
mbernhard@gmailwe.com,0,pbseabdb
lulu88@beinger.me,0,gqbmloyl
jayde24@emlppt.com,0,xxmspshs
bo23@antawii.com,0,xyhloffw
tillman.vince@ffo.kr,0,mgsfhbqm
esta.runte@eiibps.com,0,aizxvzsw
labadie.royal@devfiltr.com,0,jfonqjqo
peter09@cloudscredit.com,0,adkklkyc
audrey.fisher@isueir.com,0,shrlbecq
doyle.emmalee@eiibps.com,0,rcmfyrhy
rath.noelia@rheiop.com,0,pwjodokq
meredith.hilll@hungta2.com,0,knxkdvyd
princess.bayer@sharyndoll.com,0,jldyjsyd
ralph58@emlppt.com,0,quccotgj
douglas.koelpin@crpotu.com,0,faxllqer
asha83@beinger.me,0,sgqlqcqa
myrtice.kovacek@playfunplus.com,0,iouecase
angel50@dmxs8.com,0,kjpmmfdk
blanda.mikel@greendike.com,0,xhdlxejd
foster.klein@beinger.me,0,ndfogzqo
ayden.bednar@ecallen.com,0,bilopgdq
kane33@villastream.xyz,0,qbdeszes
yrohan@yt-google.com,0,omndlaej
koss.torrey@omdlism.com,0,odkgmbdl
ruben.keeling@emvil.com,0,arkwlgjv
waelchi.ole@hcfmgsrp.com,0,ifljqjtr
cassin.freda@isueir.com,0,zgbrzzev
jess.becker@rheiop.com,0,qyfoayuw
bednar.laurence@ibnlolpla.com,0,jqtrziqy
adelbert29@sauhasc.com,0,ohybbsmi
jameson.ratke@debb.me,0,cazsrgxd
swill@paiucil.com,0,wkrlisxi
nyasia52@ilrlb.com,0,wtrzpnwf
nullrich@eatneha.com,0,lgvemjvn
stephen34@packiu.com,0,tmzytvbo
marielle.goodwi@msotln.com,0,emfofdzf
stark.sonya@outlook.sbs,0,epfsevra
chaya59@uhpanel.com,0,mxxtvdtv
medhurst.consta@ecallen.com,0,kgsgikcq
jerry.dietrich@isueir.com,0,brmqqnad
lela.rogahn@eatneha.com,0,hweipupr
ratke.cletus@sauhasc.com,0,aywjultf
kmohr@txtee.site,0,tsbusdik
halvorson.matil@eatneha.com,0,ewrzbehx
fmarvin@rheiop.com,0,wulxjrjr
awiegand@eiibps.com,0,fwxorskv
johnson.arely@boranora.com,0,afydsvmy
glynch@sharyndoll.com,0,alpaotzz
cindy15@msotln.com,0,qfzvrpod
clifford74@outlook.sbs,0,swmedmrt
freda09@msotln.com,0,eiqkbhvs
walsh.margie@soju.buzz,0,lsaumayd
frami.nathan@emlppt.com,0,zaqokxmo
norma.sawayn@uioct.com,0,kdynffdo
koelpin.abigale@crpotu.com,0,ngcicqov
leon.durgan@crpotu.com,0,coeqjcvj
tpacocha@ifrghee.com,0,wtdadkrj
bertha.ritchie@drstshop.com,0,dblejxvl
nelda79@outlook.sbs,0,nmrbczfd
mercedes07@yt-google.com,0,msuxutgi
collins.milan@uioct.com,0,xqsorcpt
peter52@yt-google.com,0,fzafghci
burley.trantow@unambiguous.net,0,atdtdlul
orion.reynolds@debb.me,0,jbaoknbf
eduardo.walker@sauhasc.com,0,pfgxvlhx
green.swift@uioct.com,0,dmlqrrvb
labbott@antawii.com,0,zeujmkmo
armani44@ecallen.com,0,mavnusrk
verona12@eetieg.com,0,pycwxghe
kschimmel@outlook.sbs,0,rhiquqwg
wilhelmine.damo@eatneha.com,0,gchxtnjl
elinor.bergstro@colevillecapital.com,0,msykkjoi
ervin88@freeallapp.com,0,xhmyanjl
wbrown@ibnlolpla.com,0,hrtcufts
salma.friesen@papakiung.com,0,gunsobkp
asia60@dmxs8.com,0,lonzxxiv
udaugherty@gmailvn.xyz,0,faeyccrc
von.cynthia@schule-breklum.de,0,zdqglikm
isaias.lueilwit@boranora.com,0,ededlvsj
jarrett.kessler@cheesethecakerecipes.com,0,nuqpvefu
forest.schmitt@mochaphotograph.com,0,dxteubjv
tcrona@isueir.com,0,elifpcjd
okutch@rheiop.com,0,ynldmvaf
lura58@onlinecmail.com,0,jdgkkpwt
hollis94@uhpanel.com,0,uahmxqlg
cstroman@hcfmgsrp.com,0,nxzgbmre
hollie46@soju.buzz,0,baoevtzp
von.travis@uioct.com,0,rtwbtdie
willie84@playfunplus.com,0,lojymhhl
jena.stark@ffo.kr,0,gqchlvbi
bailey.claudia@ffo.kr,0,ghipkinz
mwalsh@isueir.com,0,gsrzgubd
kirlin.brice@pickuplanet.com,0,antmrvsw
tianna.kulas@drstshop.com,0,qxcmgtpc
iconroy@rheiop.com,0,ldryyfcf
evie43@underdosejkt.org,0,lsceqggm
ofelia59@txtee.site,0,uebizihh
rthompson@txtee.site,0,xokzvofb
lcruickshank@debb.me,0,jcjtvsez
marley.bruen@wpdork.com,0,jfyahgar
michael74@ffgrn.com,0,gpzqaygs
wallace16@antawii.com,0,iizsxzxn
treutel.julius@bai47.com,0,txmcbekq
labshire@cuendita.com,0,xmakdxtn
lynn.smitham@sharyndoll.com,0,kitpskst
uwelch@emlppt.com,0,svhigjun
dawson58@24mail.top,0,jddixmvg
qmraz@isueir.com,0,qxuvmjxk
johnson.bryana@mailpluss.com,0,jfukbdbn
igottlieb@debb.me,0,uakxecrw
icorkery@silnmy.com,0,owtiueud
fmurray@ffgrn.com,0,vzljrbii
alf25@msotln.com,0,xdvhtoht
dickinson.chane@mailpluss.com,0,wopqzhze
ziemann.palma@crpotu.com,0,elmnpbyd
olindgren@hotmail.red,0,pjsnmziw
wanda24@boranora.com,0,augiuprr
darren85@ffgrn.com,0,olnfysah
lonzo.beier@boranora.com,0,ixphdhzw
sanford.timmoth@pickuplanet.com,0,gcfltjgv
will.hyman@filevino.com,0,ilagwtti
michelle84@hotmail.red,0,fbxxmmgx
tschneider@filevino.com,0,pbtnzsss
dreilly@icnwte.com,0,vplbqrve
olson.armando@ezybarber.com,0,bynsnemx
carolyn.rosenba@eiibps.com,0,kolrmnxn
keon.nikolaus@tubidu.com,0,wbrtserg
anita59@devfiltr.com,0,lsqutvmb
raymundo99@guitarsxltd.com,0,dledfxwj
imayer@txtee.site,0,rbwjntrz
wintheiser.gabr@filevino.com,0,jfybmjif
armando.beier@sauhasc.com,0,ulwvmkxc
pagac.nolan@o0i.es,0,ccnuqgbf
bcremin@ilrlb.com,0,ockavndv
maryjane20@ttmgss.com,0,zpphzmtl
bashirian.arnol@victorysvg.com,0,iptfombv
emmett01@eiibps.com,0,crjjhnwc
freddy.kling@pickuplanet.com,0,hxiszznn
hheathcote@oymuloe.com,0,ywiyknkl
felipa87@luddo.me,0,hiiygfid
jordyn.donnelly@gmailvn.net,0,hbohlaug
murazik.kurt@ucyeh.com,0,gzkcnbhp
schuyler.huels@alvinneo.com,0,jlgigcch
okunze@bizimalem-support.de,0,cagshzuw
bosco.elijah@freeallapp.com,0,mczfcxme
crona.daphnee@icnwte.com,0,vuerpipg
jamar.lakin@drstshop.com,0,ndchyrwn
wgottlieb@golviagens.com,0,ynbxivaq
lon16@luddo.me,0,ojefyisn
deion.ankunding@ilrlb.com,0,lmzqugzx
twisozk@recordar.site,0,remgjjpz
barbara51@freeallapp.com,0,bmjpewos
mcclure.sabina@ucyeh.com,0,qmzorxra
xkuhic@24mail.top,0,mzctbnrq
toy.luigi@ffo.kr,0,fcvylxwx
torphy.kameron@adaov.com,0,wkwgnvym
lucile.thiel@hisukamie.com,0,rjqhyjvl
ereichel@guitarsxltd.com,0,sspuphdn
noel36@24hinbox.com,0,yxrftivi
crist.tyrel@ilrlb.com,0,jzyrugfx
dhoppe@cheapnitros.com,0,palpjkrk
pollich.ryleigh@cuendita.com,0,szxdaobj
casimir.jerde@recordar.site,0,oehuazpb
theo.baumbach@ilrlb.com,0,kibnjtng
kirlin.delphine@oymuloe.com,0,tbeniiwl
clay43@ffo.kr,0,pdvcdmxb
carrie.windler@guitarsxltd.com,0,nozevrgt
trystan04@txtee.site,0,nveoczxt
justyn62@eiibps.com,0,phqoyael
mclaughlin.gia@unambiguous.net,0,pexcjphn
willard06@sharyndoll.com,0,ynudiwun
nina.ruecker@crpotu.com,0,avygbbmh
bcorwin@msotln.com,0,werplmyz
eldred45@24mail.top,0,rfysviqj
georgette67@emlppt.com,0,scmarent
nstiedemann@hisukamie.com,0,wmhxbihi
dereck.prohaska@hisukamie.com,0,vgindksz
kelli46@isueir.com,0,nyfgfzuh
lowell74@mexcool.com,0,cfivdusu
etromp@ectong.xyz,0,uxbuulnm
kveum@gkqil.com,0,ckacpbvs
cielo.johnston@emkunchi.com,0,fnkxaaoj
alexandrea.jaku@ebarg.net,0,dokfvlmx
janick.keeling@emkunchi.com,0,nrzwzhke
demarco52@boranora.com,0,rlszpesz
vjast@cheapnitros.com,0,rvtdgtxq
azieme@golviagens.com,0,lwwgnewf
udooley@guitarsxltd.com,0,ueyesdts
wschmeler@aiuepd.com,0,ppdybupc
neoma19@boranora.com,0,mazzmslm
anitzsche@picsviral.net,0,jtdhvcwy
xlindgren@paiucil.com,0,szvuqpyo
johan13@emvil.com,0,hwugvvfz
marge.mills@gkqil.com,0,qtfiknvn
schowalter.tier@adaov.com,0,apaaejtp
nraynor@vireonidae.com,0,dcxtlpgf
eula25@chantellegribbon.com,0,pxbyvcgv
jevon.mitchell@bizimalem-support.de,0,khhkgcxo
yost.josue@otlaecc.com,0,vtjafxxl
dibbert.layne@cheapnitros.com,0,uepyxwxj
rolfson.isabell@ebarg.net,0,iltatieg
kelli94@snapboosting.com,0,diifpwak
hills.jany@24mail.top,0,pithmqtg
jasmin95@cloudscredit.com,0,kjtmigfh
runte.cordie@vireonidae.com,0,ekddcbch
abailey@ezybarber.com,0,csjjjplq
joel80@silnmy.com,0,xtzvhtgk
elta.reichel@alvinneo.com,0,vuyicgnu
vernie76@eeetivsc.com,0,imdribce
treva75@bizimalem-support.de,0,avfuvsyv
nader.octavia@omdiaco.com,0,uwtigyfc
mayer.lizzie@paiucil.com,0,ktwbuqaw
fkihn@soju.buzz,0,mzhtcexf
gutmann.yvonne@packiu.com,0,wjpwewgd
ubrekke@colevillecapital.com,0,teilcjtb
qkiehn@alvinneo.com,0,tntebsvs
imueller@ebarg.net,0,zjjqrfdn
krunolfsson@chantellegribbon.com,0,otiexcej
timmothy05@adaov.com,0,fhzxqrjg
sokeefe@cheapnitros.com,0,ucuyzlbj
amely09@omdiaco.com,0,xdusspss
lebsack.dana@ilrlb.com,0,rxazewgh
sprice@bizimalem-support.de,0,tznkiiyy
davonte81@omdiaco.com,0,wkqffcqc
bgerlach@bizimalem-support.de,0,lbuwizjf
susanna21@tigo.tk,0,mwhoessx
qherzog@uioct.com,0,pvehbfvy
ejacobson@adaov.com,0,iwvpcumj
warren85@snapboosting.com,0,nhexltjd
kub.maribel@emvil.com,0,kvchkpfl
lauretta13@eeetivsc.com,0,vvuwnthy
jerde.ardith@antawii.com,0,vsfkcdlc
coty77@uioct.com,0,wjeswgfo
rbechtelar@cuendita.com,0,fnqcgibi
rjacobi@btcmod.com,0,fizwrxnb
mupton@freeallapp.com,0,sdgiltvl
quentin14@antawii.com,0,tqrbmqmp
keeley.okon@imaanpharmacy.com,0,celfjhrb
giovani62@perirh.com,0,ryktyblb
trantow.abbey@picsviral.net,0,nvqnjzmc
taufderhar@dmxs8.com,0,jufxvegr
laney35@chantellegribbon.com,0,akvjuqeu
cecelia42@debb.me,0,wtpcrzso
milton51@paiucil.com,0,fahpjrub
allen55@cheapnitros.com,0,cdveoobc
ruecker.cara@debb.me,0,nmzofooh
huels.rosanna@unambiguous.net,0,wzeczzaj
juana.erdman@boranora.com,0,rmmmpvav
wisozk.abigale@somecringe.ml,0,bfkswxrq
mmoore@pickuplanet.com,0,hnkqejau
johnpaul50@nwhsii.com,0,cvxwxkcw
scot53@bizimalem-support.de,0,jllzjicf
qabbott@golviagens.com,0,rdnohvxe
sabryna17@btcmod.com,0,ttjggadg
lilyan44@eetieg.com,0,wklacbso
darwin25@scdhn.com,0,oxrfotvf
nhudson@golviagens.com,0,rgyirqlk
tlittel@guitarsxltd.com,0,hecmihde
effertz.rubie@asifboot.com,0,yjvekvfl
ludwig98@bizimalem-support.de,0,brnmdzmf
mathias.rolfson@24hinbox.com,0,rpohmixw
damian58@golviagens.com,0,gbshqbzu
fannie83@ancreator.com,0,xrcyxfwi
derrick54@aosdeag.com,0,rxmoevnc
granville92@bizimalem-support.de,0,lmxajxfp
lulu.harris@24hinbox.com,0,pwqfofta
garrick.hoeger@chantellegribbon.com,0,pxitpdjz
kovacek.sherwoo@eeetivsc.com,0,jzpgefno
stehr.raphael@guitarsxltd.com,0,kwsytnye
annabel.raynor@24hinbox.com,0,ldicwpue
mckenzie.chadri@drstshop.com,0,quoglkbb
ardella13@mamasuna.com,0,jcokvxae
annabelle99@perirh.com,0,bspotrmb
kovacek.kathryn@soju.buzz,0,ktnxhdxk
jaden.streich@mexcool.com,0,dnjzhxgf
reese93@debb.me,0,jksqprfa
kathleen91@txtee.site,0,knxqmlos
johnson.maxie@eeetivsc.com,0,zlxdsfgs
bschaden@cloudscredit.com,0,czyonoaq
reynolds.lisand@packiu.com,0,raqfququ
oral.schultz@aosdeag.com,0,cgyvtlgn
dawson.prosacco@silnmy.com,0,npytvzmq
rkirlin@mamasuna.com,0,iuufjdql
lela.keeling@chantellegribbon.com,0,wcthsawx
okozey@o0i.es,0,ijuqnfcj
shields.kailyn@scdhn.com,0,evygxleq
dibbert.raymond@alvinneo.com,0,jkvkgnhh
eliseo.armstron@guitarsxltd.com,0,fdckavnk
kiel.stamm@gmailpro.gq,0,uskbgnbs
predovic.deron@silnmy.com,0,jyjnijcu
bridie.bosco@luddo.me,0,odqzvxpr
green.elaina@villastream.xyz,0,nnvjauru
tfisher@ciatico.site,0,hyzgkfoq
branson81@ebarg.net,0,iptrjokg
orion37@golviagens.com,0,kbhcamfb
wiza.esta@eeetivsc.com,0,kldsrqix
annetta.hand@shubowtv.com,0,lvfyfjud
cortez.vonruede@ffo.kr,0,xvsuizsk
cole.natalie@mymailcr.com,0,dpugkqvl
hritchie@asifboot.com,0,lpmbzfag
veum.princess@soccerfit.com,0,bqylwfir
filiberto09@otlaecc.com,0,isqvetip
sonny12@hasevo.com,0,kvalljmu
finn.king@ibelnsep.com,0,vylghlwo
khalil21@colevillecapital.com,0,ujhxawkz
gfranecki@ffgrn.com,0,urbdkkon
veronica60@gkqil.com,0,vidjbmtc
astrid.bruen@greendike.com,0,twkgqnxo
clarabelle.stra@ffgrn.com,0,zcjpzuhq
torrey71@cheapnitros.com,0,cjglpnzw
ehuels@vireonidae.com,0,dsdoqrtw
chelsey.oconnel@erhoei.com,0,nbckhcfg
gbarrows@isueir.com,0,nmvdjpuc
apaucek@ecallen.com,0,zywdahbz
lind.sarah@pickuplanet.com,0,lriljhkw
emmerich.luciou@gmailpro.gq,0,xxepfxvg
ebednar@guitarsxltd.com,0,nozjqgky
elliot99@hasevo.com,0,shnugkry
enrique92@isueir.com,0,tynnvthy
johnson.frederi@partnerct.com,0,ugvnxnfx
altenwerth.mari@outlook.sbs,0,neknyipm
jakubowski.keat@soccerfit.com,0,atzoqgob
pbatz@pickuplanet.com,0,zqkobejq
reed52@soccerfit.com,0,ewtkahxp
hgrant@antawii.com,0,npsxmpef
orrin59@bizimalem-support.de,0,qxymrapz
anderson.jarrod@erhoei.com,0,mhqjgodn
jana.hamill@cashbackr.com,0,eaemsdwe
jaycee63@guitarsxltd.com,0,cviwerdj
upowlowski@alvinneo.com,0,uszhblhp
brody.cormier@pickuplanet.com,0,rpghvjhi
lavern.armstron@asifboot.com,0,vvlurvif
marquardt.annab@bizimalem-support.de,0,ugklxvut
kameron11@gmailpro.ml,0,tdrrlaiq
hwhite@pzuilop.de,0,slbexsaz
jennyfer.feeney@gmailpro.ml,0,kichdpby
mcdermott.barth@zeemails.in,0,hbkppzko
durgan.theodore@guitarsxltd.com,0,luiywuah
kunze.macie@emlppt.com,0,xgwgwhhi
kelley77@gmailwe.com,0,skgxoafg
skeebler@cashbackr.com,0,vcwgjumo
elena.beer@bizimalem-support.de,0,jubxsxbt
bednar.kareem@eeothno.com,0,fuywrcfp
strosin.herman@colevillecapital.com,0,mtezqrpk
bennie.barton@hotmail.red,0,pulnlhns
barney.friesen@outlook.sbs,0,mzvuozbg
ayden02@eetieg.com,0,enwwxfke
nicola.lueilwit@neaeo.com,0,bmebjvsl
lue.toy@shurkou.com,0,xgvyktdb
forest.hamill@txtee.site,0,aiattwaz
denis.funk@plexvenet.com,0,okcfqbxo
hansen.loyce@zeemails.in,0,jaxnejha
simonis.darien@ectong.xyz,0,fmawlebo
maxime15@ibelnsep.com,0,fowebajr
jayson.hermisto@eelrcbl.com,0,dyuhmxvk
marisol.halvors@guitarsxltd.com,0,gqdqbyhc
pwindler@ibelnsep.com,0,uocuxrkn
dickinson.iva@tunhide.com,0,dxmrekuf
gretchen.hills@rheiop.com,0,aljrpako
bkohler@zeemails.in,0,hezhpntp
connelly.jaron@iprloi.com,0,zrxdlirx
epurdy@cloudscredit.com,0,drzycthy
wilford.champli@luddo.me,0,dbwhurel
hkonopelski@ciatico.site,0,mthgihpb
lydia06@cloudscredit.com,0,juiklcpt
mkozey@zeemails.in,0,vcjqjlsu
tatyana28@gmailwe.com,0,fquuftxg
zena.effertz@drstshop.com,0,umacyohr
iwolf@visieonl.com,0,sygkvzjd
glockman@iprloi.com,0,frptgjfs
homenick.trinit@chantellegribbon.com,0,pkwjpwll
olson.marielle@cloudscredit.com,0,nranmxzm
john23@gmailwe.com,0,ltwaemoj
bernadine.erdma@eamrhh.com,0,aqnjvpay
mquitzon@rheiop.com,0,ibukkwgj
hwiegand@emlppt.com,0,yjlsrzrc
ellen17@greendike.com,0,bklwnoni
shanahan.nicole@cloudscredit.com,0,sojougxz
lromaguera@eelrcbl.com,0,qlznuvkg
ffriesen@asifboot.com,0,byywjogv
tianna79@mamasuna.com,0,hedelwyz
lela.bauch@gmailvn.net,0,zyokbdgo
caitlyn25@luddo.me,0,gznoaxey
qmills@emvil.com,0,gvmmfsuj
doyle90@hotmail.red,0,fqsixuvr
ashley.hoppe@luddo.me,0,dshyqxwl
yhirthe@mamasuna.com,0,xfirdzyg
strosin.furman@iprloi.com,0,wilwkxid
carter.hackett@lompikachi.com,0,gkuieujx
verna.koelpin@xducation.us,0,hwferuth
jeffry.schaden@golviagens.com,0,lwvlpqup
ethyl39@snapboosting.com,0,fwlyrlxr
crempel@eelrcbl.com,0,apnziqkv
lonzo.hettinger@colevillecapital.com,0,rtimygvy
americo86@xducation.us,0,wfhynjan
jkihn@eluvit.com,0,oxsbtpml
schaefer.kurtis@rheiop.com,0,egfescme
ursula00@drstshop.com,0,fxskadcz
garrison00@pvmail.pw,0,pahajbnw
whettinger@omdiaco.com,0,peursqor
okuneva.aliya@ebarg.net,0,adntbeey
fahey.johan@cloudscredit.com,0,wnzmevnd
akiehn@gmailpro.gq,0,jqdqbsrm
shahn@txtee.site,0,qvtlbfzu
bwisozk@somecringe.ml,0,gtplariw
zieme.oren@ecallen.com,0,bnzkwbsm
terrence93@ebarg.net,0,kxrnzgex
junior.fahey@otlaecc.com,0,lcsuwqng
lempi.volkman@pickuplanet.com,0,lqxubbim
darwin29@tunhide.com,0,eecqlkkn
dolly47@fheiesit.com,0,kmxkjggl
shannon59@ectong.xyz,0,xaeqqknn
denis.stracke@greendike.com,0,iqwbkwqg
ratke.rusty@plexvenet.com,0,mcamkljb
shana.douglas@mexcool.com,0,ryvolxpv
carlo.oreilly@athdn.com,0,nssajtug
sdicki@otlaecc.com,0,ktpugcaa
miguel.quitzon@fheiesit.com,0,lrenipcc
zstokes@isueir.com,0,sprlueuj
ziemann.jabari@eeppai.com,0,wkrluruh
summer.daniel@athdn.com,0,ijgvksag
kunde.newton@iprloi.com,0,qwoufzqp
ftorp@emlppt.com,0,axxrymet
amiller@guitarsxltd.com,0,xzjdiykc
jamey91@tnecnw.com,0,jaepzuxy
kacie54@snapboosting.com,0,vwdrqlzd
hyatt.danika@cheapnitros.com,0,vkcqgjwo
weissnat.assunt@asifboot.com,0,bxfjdmgj
cortney.marks@xducation.us,0,vugkwzzw
maybelle.pfeffe@snapboosting.com,0,xkaaqyvf
alexandrea.skil@iprloi.com,0,hfjbqvsq
pouros.hyman@tnecnw.com,0,yxzlmysd
kulas.kelton@doczd.site,0,dbazugiz
tod99@plexvenet.com,0,hqyjcqkb
ydamore@somecringe.ml,0,evhxnghe
gauer@ilrlb.com,0,ibimxxso
lenora.oreilly@iprloi.com,0,kkwtgtiy
price.oswaldo@emvil.com,0,qkhkwntc
russel.vickie@eluvit.com,0,kdkvniwf
emely.spinka@mexcool.com,0,sceyxhib
kessler.oswaldo@greendike.com,0,dlttsros
kaylah.bernier@ilrlb.com,0,jfqesbtp
hoyt.schimmel@pickuplanet.com,0,dbkumwea
mathilde.tranto@fheiesit.com,0,aameqsxw
uhuels@tnecnw.com,0,iizeyfwj
gonzalo19@fheiesit.com,0,xiycayqb
bwalker@neaeo.com,0,dfodfeoy
osipes@plexvenet.com,0,zcjidseg
isadore.turcott@tunhide.com,0,pyppaztw
valentin80@emvil.com,0,ypittvjh
cartwright.robb@luddo.me,0,oikfjyyl
brekke.savannah@tnecnw.com,0,jodlnfen
cristobal67@otlaecc.com,0,lvfgmqgv
roy.emard@isueir.com,0,rhilkgls
bhessel@txtee.site,0,rtutafkf
clark.nader@luddo.me,0,jpgjpmrf
gorczany.genesi@bbtspage.com,0,othbyfxj
hettinger.geral@silnmy.com,0,axjogeyw
stokes.ansley@pvmail.pw,0,lqjqftyj
jacobson.ilene@boranora.com,0,srjqdmvn
april95@snapboosting.com,0,ekeeaxgh
grolfson@antawii.com,0,dntfjakk
schmitt.allene@athdn.com,0,yeelyaok
herminia78@tunhide.com,0,vwqxsiov
jpfeffer@nalsci.com,0,afaasgrx
hodkiewicz.luci@chantellegribbon.com,0,tzbzimfg
gerhold.johnath@zipeo.site,0,dfwahavr
mariane.hammes@tunhide.com,0,nzletlgb
gaston10@cheapnitros.com,0,sxtxjthk
kris.tobin@freeallapp.com,0,urrpsiyh
tkuvalis@guitarsxltd.com,0,cxpxbkip
qbuckridge@sauhasc.com,0,qjykvsog
bosco.trent@pickuplanet.com,0,fhbwcatn
tbergstrom@zaya.ga,0,qgzwqsba
gturner@phtunneler.com,0,ofdkynzt
kayley40@zaya.ga,0,hcvscbet
mable.graham@silnmy.com,0,scgpthgu
vwintheiser@santonicrotone.it,0,ipjnzmrb
stanton.julia@emvil.com,0,pfilfjem
khalvorson@txtee.site,0,wkaznmqx
jhoppe@nalsci.com,0,pnuvamso
devon39@emvil.com,0,gdqqnamy
roderick.nienow@pzuilop.de,0,ieptifsr
elaina40@santonicrotone.it,0,uibmkpar
lebsack.lisandr@isueir.com,0,xsjpidio
bernita54@nalsci.com,0,uoskxgva
reynolds.savana@tunhide.com,0,eoxhivza
bosco.urban@hotmail.red,0,vjhfxshw
maribel87@partnerct.com,0,lerpwxiu
pfeffer.dannie@antawii.com,0,fbhyhpvs
lking@freeallapp.com,0,zlzksixy
mcdermott.demet@nonise.com,0,kdvkypgq
ibrahim.stracke@btcmod.com,0,bnfnacrv
cremin.ronny@antawii.com,0,gffjfgha
estelle.trantow@mailpluss.com,0,bftrkdfw
abel.fadel@filevino.com,0,tzwdhifo
pfeffer.buford@isueir.com,0,ciomodst
fleta.lowe@phtunneler.com,0,hfvpfhmv
istanton@antawii.com,0,ybpwygxd
borer.deontae@btcmod.com,0,nyopxfwh
brionna59@guitarsxltd.com,0,ommorlpu
adell.roberts@hasevo.com,0,sifogqzk
macejkovic.lavi@adaov.com,0,gqoqngxo
yweimann@pickuplanet.com,0,lbinctjm
vconsidine@sauhasc.com,0,yipqzvul
lynch.oren@ezybarber.com,0,vbkomqxo
lindgren.estel@luddo.me,0,ypcovnft
onitzsche@tnecnw.com,0,luwjkycg
mrowe@sauhasc.com,0,otiguilf
kaylie.hackett@eluvit.com,0,krpugayh
humberto.zieman@ectong.xyz,0,fyzqwkld
magali34@snapboosting.com,0,jsgepdql
lindgren.phoebe@nonise.com,0,sacwsjiy
kyla.hilll@eluvit.com,0,nxpzcknb
adalberto.kulas@mercantravellers.com,0,zmymklgv
klocko.meta@drstshop.com,0,nfawhuul
morn@lompikachi.com,0,bromkoqj
pedro07@hasevo.com,0,muyznnjv
wpredovic@chantellegribbon.com,0,nzenbdae
nstiedemann@ffo.kr,0,srivitae
mccullough.mica@otlaecc.com,0,ktxssxjf
chaz35@sgisfg.com,0,pyutnogs
elfrieda.boehm@sgisfg.com,0,vyyqffgy
haylee.brakus@doczd.site,0,esmxsjtg
krice@emlppt.com,0,mecvxbfy
reba36@snapboosting.com,0,jsjjlhdc
joaquin74@storemail.ml,0,movfmurn
wunsch.ramon@isueir.com,0,yjvomssj
eudora57@btcmod.com,0,enxmqqye
francesca.abshi@ciatico.site,0,xheqkezl
london.hayes@ilrlb.com,0,hjlvfvyz
ericka.schowalt@ifrghee.com,0,lperjgcl
yundt.ashley@isueir.com,0,fohwwovu
miller.wilford@hungta2.com,0,xgivfyqb
daniel.boyd@mexcool.com,0,gezrhdpu
braun.scarlett@btcmod.com,0,mdnopvvf
eldora35@perirh.com,0,tilqybrk
simonis.alice@vietkevin.com,0,ginlincq
enrico63@ichstet.com,0,bdeusorw
adam99@isueir.com,0,swxipzqt
filiberto69@emlppt.com,0,zhsuhglp
vmayert@ichstet.com,0,bsvpxfbi
qcassin@silnmy.com,0,zaebyekv
martina08@ichstet.com,0,ixhjzwxh
justus.fadel@ilrlb.com,0,rpoziomk
larkin.jefferey@pvmail.pw,0,xdzyotct
fcollins@mercantravellers.com,0,totuqacc
humberto70@gmailpro.gq,0,aicukpxp
sjast@doczd.site,0,snnttvxu
gay30@freeallapp.com,0,ltlhocsw
michael03@posthectomie.info,0,acwvzlae
schroeder.jared@sgisfg.com,0,hylcused
gibson.emmanuel@pzuilop.de,0,dssnzgmn
baumbach.jayson@ectong.xyz,0,knwdahoz
serenity69@soccerfit.com,0,pqvlxxyg
fbrekke@unambiguous.net,0,kjuqutrr
hagenes.bill@chantellegribbon.com,0,cdacmnsd
owelch@fheiesit.com,0,ygryapty
gulgowski.betti@snapboosting.com,0,anlaxqsu
nfunk@ffo.kr,0,zgscglkv
towne.jeffrey@filevino.com,0,qodsgtuk
pconroy@storemail.ml,0,hkixiwbm
bradford.johns@perirh.com,0,qtoaswbm
layne97@nonise.com,0,wrtexyzn
joan.rowe@pvmail.pw,0,jfdqurcu
aklocko@cheapnitros.com,0,qxxcymtu
kunze.maddison@mailcuk.com,0,yikafvpa
bechtelar.macke@nonise.com,0,fcdpowxx
adrienne.weber@omdlism.com,0,cuzrowqi
jerrod47@unambiguous.net,0,ydznnitz
zdickinson@rheiop.com,0,hprcpdnl
cosinski@fheiesit.com,0,uwcmmixd
dach.westley@unambiguous.net,0,snybjwry
daniel.jocelyn@debb.me,0,rrjxdntm
rashawn.huels@rheiop.com,0,zjssmtib
adelle36@debb.me,0,whfzqekd
zcollins@ichstet.com,0,jyfyipbm
reynolds.dandre@perirh.com,0,yawhacmr
gklein@perirh.com,0,tibfcife
baumbach.nicole@unambiguous.net,0,fwiajfkg
auer.brennan@ffo.kr,0,vieeyxvf
frice@pzuilop.de,0,sywioidt
mmcdermott@drstshop.com,0,lilyvize
donald.hyatt@mailpluss.com,0,nejipvyt
mafalda.lang@nonise.com,0,mpjdzslc
isidro74@cloudscredit.com,0,agejocrn
samson.beier@cheapnitros.com,0,frhrqijs
ywilkinson@fheiesit.com,0,qmmpialy
mireya.bashiria@perirh.com,0,rragnfnf
alexie74@ffo.kr,0,mlrxmsqb
paxton81@rheiop.com,0,suagtgat
nash18@ichstet.com,0,dwtelfko
davis.jessica@mailcuk.com,0,exgjvcvh
triston.thompso@isueir.com,0,qjcxlyfs
